[
  {
    "title": "Export to Excel",
    "properties": [
      {
        "name": "listname",
        "label": "List Name",
        "type": "textfield"
      },
      {
        "name": "tablename",
        "label": "Table Name",
        "type": "textfield"
      },
      {
        "name": "columnlabel",
        "label": "Column Label",
        "type": "textfield"
      },
      {
        "name": "columnId",
        "label": "Column Names",
        "description": "Configure column id to get the specific column values",
        "type": "textfield"
      },
      {
        "name": "filePath",
        "label": "File Path",
        "type": "textfield"
      },
      {
        "name": "getRows",
        "label": "Enter Rows",
        "type": "textfield"
      }
    ]
  }
  ]