[
  {
    "title": "Excel DataList Configuration",
    "properties": [
      {
        "name": "listIdentifier",
        "label": "List Identifier",
        "type": "textfield",
        "description": "A unique identifier for this data list."
      },
      {
        "name": "columnNames",
        "label": "Column Names",
        "type": "textfield",
        "description": "Comma-separated list of column names for the Excel data."
      },
      {
        "name": "filePath",
        "label": "File Location",
        "type": "textfield",
        "description": "The file path or URL where the Excel file is located."
      },
      {
        "name": "rowFilter",
        "label": "Row Filter",
        "type": "textfield",
        "description": "Optional filter criteria to select specific rows from the Excel data."
      },
      {
        "name": "workbookSheet",
        "label": "Workbook Sheet",
        "type": "textfield"

      }
    ]
  }
  ]